provider_symbol,symbol,name,region,market_code,sector,industry
BNDS.AX,BNDS,Betashares Legg Mason Australian Bond Fund,australia,ASX,,
HCF.AX,HCF,H&G HIGH CONVICTION LIMITED,australia,ASX,,
KIT.AX,KIT,KAPSTREAM INVESTMENT TRUST,australia,ASX,,
LF1.AX,LF1,LA TROBE PRIVATE CREDIT FUND,australia,ASX,,
LGF.AX,LGF,L1 GOLD FUND LIMITED,australia,ASX,,
MRE.AX,MRE,METRICS REAL ESTATE MULTI-STRATEGY FUND,australia,ASX,,
PCI.AX,PCI,PERPETUAL CREDIT INCOME TRUST,australia,ASX,,
PCX.AX,PCX,PENGANA GLOBAL PRIVATE CREDIT TRUST,australia,ASX,,
PMGOLD.AX,PMGOLD,Gold Corporation,australia,ASX,,
RF1.AX,RF1,REGAL INVESTMENT FUND,australia,ASX,,
3BBLACKBIO.NS,3BBLACKBIO,3B Blackbio Dx Limited,india,NSE,,
AARNAV.NS,AARNAV,Aarnav Fashions Limited,india,NSE,,
AATMAJ.NS,AATMAJ,Aatmaj Healthcare Limited,india,NSE,,
ABANSENT.NS,ABANSENT,ABans Enterprises Limited,india,NSE,,
ABMKNO.NS,ABMKNO,ABM Knowledgeware Limited,india,NSE,,
ABSMARINE.NS,ABSMARINE,ABS Marine Services Limited,india,NSE,,
ACCENTMIC.NS,ACCENTMIC,Accent Microcell Limited,india,NSE,,
ACCORD.NS,ACCORD,Accord Synergy Limited,india,NSE,,
ACSTECH.NS,ACSTECH,ACS Technologies Limited,india,NSE,,
AGARWALFT.NS,AGARWALFT,Agarwal Float Glass India Limited,india,NSE,,
AGNI.NS,AGNI,Agni Green Power Limited,india,NSE,,
AGUL.NS,AGUL,A G Universal Limited,india,NSE,,
AHIMSA.NS,AHIMSA,Ahimsa Industries Limited,india,NSE,,
AILIMITED.NS,AILIMITED,Abhishek Integrations Limited,india,NSE,,
AIMTRON.NS,AIMTRON,Aimtron Electronics Limited,india,NSE,,
AISL.NS,AISL,ANI Integrated Services Limited,india,NSE,,
AKCAPIT.NS,AKCAPIT,AK Capital Services Limited,india,NSE,,
AKIKO.NS,AKIKO,Akiko Global Services Limited,india,NSE,,
ALLETEC.NS,ALLETEC,All E Technologies Limited,india,NSE,,
ALPEXSOLAR.NS,ALPEXSOLAR,Alpex Solar Limited,india,NSE,,
ALPSINDUS.NS,ALPSINDUS,Alps Industries Limited,india,NSE,,
ALUWIND.NS,ALUWIND,Aluwind Infra-Tech Limited,india,NSE,,
AMEYA.NS,AMEYA,Ameya Precision Engineers Limited,india,NSE,,
AMIABLE.NS,AMIABLE,Amiable Logistics (India) Limited,india,NSE,,
ANLON.NS,ANLON,Anlon Technology Solutions Limited,india,NSE,,
ANNAPURNA.NS,ANNAPURNA,Annapurna Swadisht Limited,india,NSE,,
APS.NS,APS,Australian Premium Solar (India) Limited,india,NSE,,
ARABIAN.NS,ARABIAN,Arabian Petroleum Limited,india,NSE,,
ARIHANTACA.NS,ARIHANTACA,Arihant Academy Limited,india,NSE,,
ARISTO.NS,ARISTO,Aristo Bio-Tech and Lifescience Limited,india,NSE,,
ARSSINFRA.NS,ARSSINFRA,ARSS Infrastructure Projects Limited,india,NSE,,
ARTEMISMED.NS,ARTEMISMED,Artemis Medicare Services Limited,india,NSE,,
ASCOM.NS,ASCOM,Ascom Leasing & Investments Limited,india,NSE,,
ASHIKAG.NS,ASHIKAG,Ashika Global Securities Limited,india,NSE,,
ASPIRE.NS,ASPIRE,Aspire & Innovative Advertising Limited,india,NSE,,
ASTAR.NS,ASTAR,Asian Star Company Limited,india,NSE,,
ATMASTCO.NS,ATMASTCO,Atmastco Limited,india,NSE,,
AUROIMPEX.NS,AUROIMPEX,Auro Impex & Chemicals Limited,india,NSE,,
AVPINFRA.NS,AVPINFRA,AVP Infracon Limited,india,NSE,,
AVSL.NS,AVSL,AVSL Industries Limited,india,NSE,,
BABAFP.NS,BABAFP,Baba Food Processing (India) Limited,india,NSE,,
BAHETI.NS,BAHETI,Baheti Recycling Industries Limited,india,NSE,,
BAJAJST.NS,BAJAJST,Bajaj Steel Industries Limited,india,NSE,,
BASILIC.NS,BASILIC,Basilic Fly Studio Limited,india,NSE,,
BAWEJA.NS,BAWEJA,Baweja Studios Limited,india,NSE,,
BEACON.NS,BEACON,Beacon Trusteeship Limited,india,NSE,,
BEEKAY.NS,BEEKAY,Beekay Steel Industries Limited,india,NSE,,
BENGALASM.NS,BENGALASM,Bengal & Assam Company Limited,india,NSE,,
BEWLTD.NS,BEWLTD,BEW Engineering Limited,india,NSE,,
BI.NS,BI,Bilcare Limited,india,NSE,,
BIRDYS.NS,BIRDYS,Grill Splendour Services Limited,india,NSE,,
BIRET.NS,BIRET,Brookfield India Real Estate Trust,india,NSE,,
BIRLAPREC.NS,BIRLAPREC,Birla Precision Technologies Limited,india,NSE,,
BLACKROSE.NS,BLACKROSE,Black Rose Industries Limited,india,NSE,,
BLIL.NS,BLIL,Balmer Lawrie Investments Limited,india,NSE,,
BLUEPEBBLE.NS,BLUEPEBBLE,Blue Pebble Limited,india,NSE,,
BMETRICS.NS,BMETRICS,Bombay Metrics Supply Chain Limited,india,NSE,,
BNAGROCHEM.NS,BNAGROCHEM,BN Agrochem Limited,india,NSE,,
BNALTD.NS,BNALTD,B & A Limited,india,NSE,,
BURNPUR.NS,BURNPUR,Burnpur Cement Limited,india,NSE,,
CADSYS.NS,CADSYS,Cadsys (India) Limited,india,NSE,,
CANARYS.NS,CANARYS,Canarys Automations Limited,india,NSE,,
CBAZAAR.NS,CBAZAAR,Net Avenue Technologies Limited,india,NSE,,
CELLECOR.NS,CELLECOR,Cellecor Gadgets Limited,india,NSE,,
CELLPOINT.NS,CELLPOINT,Cell Point (India) Limited,india,NSE,,
CGRAPHICS.NS,CGRAPHICS,Creative Graphics Solutions India Limited,india,NSE,,
CHAVDA.NS,CHAVDA,Chavda Infra Limited,india,NSE,,
CLSL.NS,CLSL,Crop Life Science Limited,india,NSE,,
CMNL.NS,CMNL,Chaman Metallics Limited,india,NSE,,
CMRSL.NS,CMRSL,Cyber Media Research & Services Limited,india,NSE,,
COMFINTE.NS,COMFINTE,Comfort Intech Limited,india,NSE,,
COMMITTED.NS,COMMITTED,Committed Cargo Care Limited,india,NSE,,
CONTI.NS,CONTI,Continental Seeds and Chemicals Limited,india,NSE,,
COOLCAPS.NS,COOLCAPS,Cool Caps Industries Limited,india,NSE,,
CPS.NS,CPS,CPS Shapers Limited,india,NSE,,
CRAYONS.NS,CRAYONS,Crayons Advertising Limited,india,NSE,,
DAICHI.NS,DAICHI,Dai-ichi Karkaria Limited,india,NSE,,
DCG.NS,DCG,DCG Cables & Wires Limited,india,NSE,,
DECNGOLD.NS,DECNGOLD,Deccan Gold Mines Limited,india,NSE,,
DEEM.NS,DEEM,Deem Roll-Tech Limited,india,NSE,,
DELAPLEX.NS,DELAPLEX,Delaplex Limited,india,NSE,,
DENEERS.NS,DENEERS,De Neers Tools Limited,india,NSE,,
DENTALKART.NS,DENTALKART,Vasa Denticity Limited,india,NSE,,
DESTINY.NS,DESTINY,Destiny Logistics & Infra Limited,india,NSE,,
DHANLAXMI.NS,DHANLAXMI,Dhanlaxmi Crop Science Limited,india,NSE,,
DHTL.NS,DHTL,DocMode Health Technologies Limited,india,NSE,,
DIGIKORE.NS,DIGIKORE,Digikore Studios Limited,india,NSE,,
DISAQ.NS,DISAQ,Disa India Limited,india,NSE,,
DKEGL.NS,DKEGL,D.K. Enterprises Global Limited,india,NSE,,
DOLLEX.NS,DOLLEX,Dollex Agrotech Limited,india,NSE,,
DPEL.NS,DPEL,Divine Power Energy Limited,india,NSE,,
DRAGARWQ.NS,DRAGARWQ,Dr Agarwals Eye Hospital Limited,india,NSE,,
DRONE.NS,DRONE,Drone Destination Limited,india,NSE,,
DRSDILIP.NS,DRSDILIP,DRS Dilip Roadlines Limited,india,NSE,,
DTL.NS,DTL,Diensten Tech Limited,india,NSE,,
DUCOL.NS,DUCOL,Ducol Organics And Colours Limited,india,NSE,,
DUGLOBAL.NS,DUGLOBAL,DUDigital Global Limited,india,NSE,,
DURLAX.NS,DURLAX,Durlax Top Surface Limited,india,NSE,,
DYNAMIC.NS,DYNAMIC,Dynamic Services & Security Limited,india,NSE,,
EFACTOR.NS,EFACTOR,E Factor Experiences Limited,india,NSE,,
EFFWA.NS,EFFWA,Effwa Infra & Research Limited,india,NSE,,
EFORCE.NS,EFORCE,Electro Force (India) Limited,india,NSE,,
ELCIDIN.NS,ELCIDIN,EL CID Investments Limited,india,NSE,,
ELITECON.NS,ELITECON,Elitecon International Limited,india,NSE,,
EMBASSY.NS,EMBASSY,Embassy Office Parks REIT,india,NSE,,
EMKAYTOOLS.NS,EMKAYTOOLS,Emkay Taps and Cutting Tools Limited,india,NSE,,
EMMIL.NS,EMMIL,Energy-Mission Machineries (India) Limited,india,NSE,,
EMPOWER.NS,EMPOWER,Empower India Limited,india,NSE,,
ENFUSE.NS,ENFUSE,Enfuse Solutions Limited,india,NSE,,
ENSER.NS,ENSER,Enser Communications Limited,india,NSE,,
EROSMEDIA.NS,EROSMEDIA,Eros International Media Limited,india,NSE,,
ESCONET.NS,ESCONET,Esconet Technologies Limited,india,NSE,,
ESFL.NS,ESFL,Essen Speciality Films Limited,india,NSE,,
FEDDERSHOL.NS,FEDDERSHOL,Fedders Holding Limited,india,NSE,,
FELIX.NS,FELIX,Felix Industries Limited,india,NSE,,
FERMENTA.NS,FERMENTA,Fermenta Biotech Limited,india,NSE,,
FIDEL.NS,FIDEL,Fidel Softech Limited,india,NSE,,
FONEBOX.NS,FONEBOX,Fonebox Retail Limited,india,NSE,,
FROG.NS,FROG,Frog Cellsat Limited,india,NSE,,
FRONTSP.NS,FRONTSP,Frontier Springs Limited,india,NSE,,
GGBL.NS,GGBL,Ganesh Green Bharat Limited,india,NSE,,
GIRIRAJ.NS,GIRIRAJ,Giriraj Civil Developers Limited,india,NSE,,
GLOBALPET.NS,GLOBALPET,Global Pet Industries Limited,india,NSE,,
GNRL.NS,GNRL,Gujarat Natural Resources Limited,india,NSE,,
GOENKA.NS,GOENKA,Goenka Diamond and Jewels Limited,india,NSE,,
GOLDKART.NS,GOLDKART,Goldkart Jewels Limited,india,NSE,,
GOLDSTAR.NS,GOLDSTAR,Goldstar Power Limited,india,NSE,,
GOYALSALT.NS,GOYALSALT,Goyal Salt Limited,india,NSE,,
GPECO.NS,GPECO,GP ECO Solutions India Limited,india,NSE,,
GRANDOAK.NS,GRANDOAK,Grand Oak Canyons Distillery Limited,india,NSE,,
GRAPHISAD.NS,GRAPHISAD,Graphisads Limited,india,NSE,,
GRAVISSHO.NS,GRAVISSHO,Graviss Hospitality Limited,india,NSE,,
GRCL.NS,GRCL,Gayatri Rubbers and Chemicals Limited,india,NSE,,
GREENCHEF.NS,GREENCHEF,Greenchef Appliances Limited,india,NSE,,
GRETEX.NS,GRETEX,Gretex Industries Limited,india,NSE,,
GSMFOILS.NS,GSMFOILS,GSM Foils Limited,india,NSE,,
GSTL.NS,GSTL,Globesecure Technologies Limited,india,NSE,,
GUJRAFFIA.NS,GUJRAFFIA,Gujarat Raffia Industries Limited,india,NSE,,
HALDYNGL.NS,HALDYNGL,Haldyn Glass Limited,india,NSE,,
HBESD.NS,HBESD,HB Estate Developers Limited,india,NSE,,
HERCULES.NS,HERCULES,Hercules Investments Limited,india,NSE,,
HIGREEN.NS,HIGREEN,Hi-Green Carbon Limited,india,NSE,,
HOACFOODS.NS,HOACFOODS,Hoac Foods India Limited,india,NSE,,
HOLMARC.NS,HOLMARC,Holmarc Opto-Mechatronics Limited,india,NSE,,
HOMESFY.NS,HOMESFY,Homesfy Realty Limited,india,NSE,,
HRHNEXT.NS,HRHNEXT,HRH Next Services Limited,india,NSE,,
IBLFL.NS,IBLFL,IBL Finance Limited,india,NSE,,
IEML.NS,IEML,Indian Emulsifiers Limited,india,NSE,,
INDIFRA.NS,INDIFRA,Indifra Limited,india,NSE,,
INDIGRID.NS,INDIGRID,Indigrid Infrastructure Trust,india,NSE,,
INDPRUD.NS,INDPRUD,Industrial & Prudential Investment Company Limited,india,NSE,,
INFINIUM.NS,INFINIUM,Infinium Pharmachem Limited,india,NSE,,
INFOLLION.NS,INFOLLION,Infollion Research Services Limited,india,NSE,,
INM.NS,INM,Interiors & More Limited,india,NSE,,
INSPIRE.NS,INSPIRE,Inspire Films Limited,india,NSE,,
INVPRECQ.NS,INVPRECQ,Investment & Precision Castings Limited,india,NSE,,
IPSL.NS,IPSL,Integrated Personnel Services Limited,india,NSE,,
ISHAN.NS,ISHAN,Ishan International Limited,india,NSE,,
ITALIANE.NS,ITALIANE,Italian Edibles Limited,india,NSE,,
IWP.NS,IWP,The Indian Wood Products Company Limited,india,NSE,,
JAINAM.NS,JAINAM,Jainam Ferro Alloys (I) Limited,india,NSE,,
JAKHARIA.NS,JAKHARIA,Jakharia Fabric Limited,india,NSE,,
JETAIRWAYS.NS,JETAIRWAYS,Jet Airways (India) Limited,india,NSE,,
JETKNIT.NS,JETKNIT,Jet Knitwears Limited,india,NSE,,
JFLLIFE.NS,JFLLIFE,JFL Life Sciences Limited,india,NSE,,
JIWANRAM.NS,JIWANRAM,Jiwanram Sheoduttrai Industries Limited,india,NSE,,
K2INFRA.NS,K2INFRA,K2 Infragen Limited,india,NSE,,
KAMAHOLD.NS,KAMAHOLD,Kama Holdings Limited,india,NSE,,
KANCHI.NS,KANCHI,Kanchi Karpooram Limited,india,NSE,,
KANDARP.NS,KANDARP,Kandarp Digi Smart BPO Limited,india,NSE,,
KARNIKA.NS,KARNIKA,Karnika Industries Limited,india,NSE,,
KCEIL.NS,KCEIL,Kay Cee Energy & Infra Limited,india,NSE,,
KCK.NS,KCK,Kck Industries Limited,india,NSE,,
KDL.NS,KDL,Kore Digital Limited,india,NSE,,
KEL.NS,KEL,Visdem Technosys Limited,india,NSE,,
KHFM.NS,KHFM,KHFM Hospitality and Facility Management Services Limited,india,NSE,,
KIRANVYPAR.NS,KIRANVYPAR,Kiran Vyapar Limited,india,NSE,,
KKVAPOW.NS,KKVAPOW,KKV Agro Powers Limited,india,NSE,,
KLBRENG-B.NS,KLBRENG-B,Kilburn Engineering Limited,india,NSE,,
KLL.NS,KLL,Kaushalya Logistics Limited,india,NSE,,
KODYTECH.NS,KODYTECH,Kody Technolab Limited,india,NSE,,
KONSTELEC.NS,KONSTELEC,Konstelec Engineers Limited,india,NSE,,
KONTOR.NS,KONTOR,Kontor Space Limited,india,NSE,,
KORE.NS,KORE,Jay Jalaram Technologies Limited,india,NSE,,
KOTIC.NS,KOTIC,Kothari Industrial Corporation Limited,india,NSE,,
KPL.NS,KPL,Kwality Pharmaceuticals Limited,india,NSE,,
KRISHCA.NS,KRISHCA,Krishca Strapping Solutions Limited,india,NSE,,
KTL.NS,KTL,Kalahridhaan Trendz Limited,india,NSE,,
LAHOTIOV.NS,LAHOTIOV,Lahoti Overseas Limited,india,NSE,,
LLOYDS.NS,LLOYDS,Lloyds Luxuries Limited,india,NSE,,
LRRPL.NS,LRRPL,Lead Reclaim and Rubber Products Limited,india,NSE,,
MADHAVBAUG.NS,MADHAVBAUG,Vaidya Sane Ayurved Laboratories Limited,india,NSE,,
MADHAVIPL.NS,MADHAVIPL,Madhav Infra Projects Limited,india,NSE,,
MADHUSUDAN.NS,MADHUSUDAN,Madhusudan Masala Limited,india,NSE,,
MAGSON.NS,MAGSON,Magson Retail and Distribution Limited,india,NSE,,
MAHICKRA.NS,MAHICKRA,Mahickra Chemicals Limited,india,NSE,,
MAITREYA.NS,MAITREYA,Maitreya Medicare Limited,india,NSE,,
MAKS.NS,MAKS,Maks Energy Solutions India Limited,india,NSE,,
MAL.NS,MAL,Mangalam Alloys Limited,india,NSE,,
MANAV.NS,MANAV,Manav Infra Projects Limited,india,NSE,,
MANDEEP.NS,MANDEEP,Mandeep Auto Industries Limited,india,NSE,,
MARC.NS,MARC,Marc Technocrats Limited,india,NSE,,
MARCO.NS,MARCO,Marco Cables & Conductors Limited,india,NSE,,
MARINETRAN.NS,MARINETRAN,Marinetrans India Limited,india,NSE,,
MARSHALL.NS,MARSHALL,Marshall Machines Limited,india,NSE,,
MASON.NS,MASON,Mason Infratech Limited,india,NSE,,
MASTER.NS,MASTER,Master Components Limited,india,NSE,,
MAXPOSURE.NS,MAXPOSURE,Maxposure Limited,india,NSE,,
MBECL.NS,MBECL,McNally Bharat Engineering Company Limited,india,NSE,,
MCCHRLS-B.NS,MCCHRLS-B,Mac Charles India Limited,india,NSE,,
MCON.NS,MCON,MCON Rasayan India Limited,india,NSE,,
MDL.NS,MDL,Marvel Decor Limited,india,NSE,,
MEDIORG.NS,MEDIORG,Medicamen Organics Limited,india,NSE,,
MEGAFLEX.NS,MEGAFLEX,Mega Flex Plastics Limited,india,NSE,,
MEGATHERM.NS,MEGATHERM,Megatherm Induction Limited,india,NSE,,
MENNPIS.NS,MENNPIS,Menon Pistons Limited,india,NSE,,
MERCANTILE.NS,MERCANTILE,Mercantile Ventures Limited,india,NSE,,
MHHL.NS,MHHL,Mohini Health & Hygiene Limited,india,NSE,,
MICROPRO.NS,MICROPRO,Micropro Software Solutions Limited,india,NSE,,
MILTON.NS,MILTON,Milton Industries Limited,india,NSE,,
MINDPOOL.NS,MINDPOOL,Mindpool Technologies Limited,india,NSE,,
MINDSPACE.NS,MINDSPACE,Mindspace Business Parks REIT,india,NSE,,
MONOPHARMA.NS,MONOPHARMA,Mono Pharmacare Limited,india,NSE,,
MOS.NS,MOS,MOS Utility Limited,india,NSE,,
MOXSH.NS,MOXSH,Moxsh Overseas Educon Limited,india,NSE,,
MPTODAY.NS,MPTODAY,Madhya Pradesh Today Media Limited,india,NSE,,
MVKAGRO.NS,MVKAGRO,M.V.K. Agro Food Product Limited,india,NSE,,
NAMAN.NS,NAMAN,Naman In-Store (India) Limited,india,NSE,,
NATIONSTD.NS,NATIONSTD,National Standard (India) Limited,india,NSE,,
NEPHROCARE.NS,NEPHROCARE,Nephro Care India Limited,india,NSE,,
NEWJAISA.NS,NEWJAISA,Newjaisa Technologies Limited,india,NSE,,
NIDAN.NS,NIDAN,Nidan Laboratories and Healthcare Limited,india,NSE,,
NILE.NS,NILE,Nile Limited,india,NSE,,
NIRMAN.NS,NIRMAN,Nirman Agri Genetics Limited,india,NSE,,
NXST.NS,NXST,Nexus Select Trust,india,NSE,,
OLIL.NS,OLIL,Oneclick Logistics India Limited,india,NSE,,
OMFURN.NS,OMFURN,Omfurn India Limited,india,NSE,,
OMKARCHEM.NS,OMKARCHEM,Omkar Speciality Chemicals Limited,india,NSE,,
ONDOOR.NS,ONDOOR,On Door Concepts Limited,india,NSE,,
ORIANA.NS,ORIANA,Oriana Power Limited,india,NSE,,
OWAIS.NS,OWAIS,Owais Metal and Mineral Processing Limited,india,NSE,,
PARAGON.NS,PARAGON,Paragon Fine And Speciality Chemical Limited,india,NSE,,
PARIN.NS,PARIN,Parin Enterprises Limited,india,NSE,,
PARTYCRUS.NS,PARTYCRUS,Party Cruisers Limited,india,NSE,,
PATTECH.NS,PATTECH,Pattech Fitwell Tube Components Limited,india,NSE,,
PCCL.NS,PCCL,Petro Carbon and Chemicals Limited,india,NSE,,
PENTAGON.NS,PENTAGON,Pentagon Rubber Limited,india,NSE,,
PGINVIT.NS,PGINVIT,Powergrid Infrastructure Investment Trust,india,NSE,,
PHANTOMFX.NS,PHANTOMFX,Phantom Digital Effects Limited,india,NSE,,
PIONRINV.NS,PIONRINV,Pioneer Investcorp Limited,india,NSE,,
PLADAINFO.NS,PLADAINFO,Plada Infotech Services Limited,india,NSE,,
PML.NS,PML,Paul Merchants Limited,india,NSE,,
PODDARHOUS.NS,PODDARHOUS,Poddar Housing and Development Limited,india,NSE,,
POLYSIL.NS,POLYSIL,Polysil Irrigation Systems Limited,india,NSE,,
PRADPME.NS,PRADPME,Pradeep Metals Limited,india,NSE,,
PRAMARA.NS,PRAMARA,Pramara Promotions Limited,india,NSE,,
PRATHAM.NS,PRATHAM,Pratham EPC Projects Limited,india,NSE,,
PRAVEG.NS,PRAVEG,Praveg Limited,india,NSE,,
PRECISION.NS,PRECISION,Precision Metaliks Limited,india,NSE,,
PREMCO.NS,PREMCO,Premco Global Limited,india,NSE,,
PRESSTONIC.NS,PRESSTONIC,Presstonic Engineering Limited,india,NSE,,
PRITIKA.NS,PRITIKA,Pritika Engineering Components Limited,india,NSE,,
PRIZOR.NS,PRIZOR,Prizor Viztech Limited,india,NSE,,
PRLIND.NS,PRLIND,Premier Roadlines Limited,india,NSE,,
PROLIFE.NS,PROLIFE,Prolife Industries Limited,india,NSE,,
PROPEQUITY.NS,PROPEQUITY,P.E. Analytics Limited,india,NSE,,
PROV.NS,PROV,Proventus Agrocom Limited,india,NSE,,
PULZ.NS,PULZ,Pulz Electronics Limited,india,NSE,,
PURVFLEXI.NS,PURVFLEXI,Purv Flexipack Limited,india,NSE,,
QFIL.NS,QFIL,Quality Foils (India) Limited,india,NSE,,
QUADPRO.NS,QUADPRO,Quadpro ITeS Limited,india,NSE,,
QUESTLAB.NS,QUESTLAB,Quest Laboratories Limited,india,NSE,,
QUICKTOUCH.NS,QUICKTOUCH,Quicktouch Technologies Limited,india,NSE,,
QUINT.NS,QUINT,Quint Digital Limited,india,NSE,,
RADIOWALLA.NS,RADIOWALLA,Radiowalla Network Limited,india,NSE,,
RBMINFRA.NS,RBMINFRA,RBM Infracon Limited,india,NSE,,
RBS.NS,RBS,Ramdevbaba Solvent Limited,india,NSE,,
RCDL.NS,RCDL,Rajgor Castor Derivatives Limited,india,NSE,,
REFRACTORY.NS,REFRACTORY,Refractory Shapes Limited,india,NSE,,
REMUS.NS,REMUS,Remus Pharmaceuticals Limited,india,NSE,,
REXPIPES.NS,REXPIPES,Rex Pipes and Cables Industries Limited,india,NSE,,
RILINFRA.NS,RILINFRA,Rachana Infrastructure Limited,india,NSE,,
RITEZONE.NS,RITEZONE,Rite Zone Chemcon India Limited,india,NSE,,
ROCKINGDCE.NS,ROCKINGDCE,Rockingdeals Circular Economy Limited,india,NSE,,
ROXHITECH.NS,ROXHITECH,ROX Hi-Tech Limited,india,NSE,,
RRIL.NS,RRIL,RRIL Limited,india,NSE,,
RSDFIN.NS,RSDFIN,RSD Finance Limited,india,NSE,,
RULKA.NS,RULKA,Rulka Electricals Limited,india,NSE,,
SAAKSHI.NS,SAAKSHI,Saakshi Medtech and Panels Limited,india,NSE,,
SABAR.NS,SABAR,Sabar Flex India Limited,india,NSE,,
SADHAV.NS,SADHAV,Sadhav Shipping Limited,india,NSE,,
SAHAJSOLAR.NS,SAHAJSOLAR,Sahaj Solar Limited,india,NSE,,
SAHANA.NS,SAHANA,Sahana System Limited,india,NSE,,
SAIFL.NS,SAIFL,Sameera Agro And Infra Limited,india,NSE,,
SANGANI.NS,SANGANI,Sangani Hospitals Limited,india,NSE,,
SAPPL.NS,SAPPL,Shree Ajit Pulp & Paper Limited,india,NSE,,
SAROJA.NS,SAROJA,Saroja Pharma Industries India Limited,india,NSE,,
SARTELE.NS,SARTELE,SAR Televenture Limited,india,NSE,,
SATIPOLY.NS,SATIPOLY,Sati Poly Plast Limited,india,NSE,,
SCANSTL.NS,SCANSTL,Scan Steels Limited,india,NSE,,
SCML.NS,SCML,Sharp Chucks and Machines Limited,india,NSE,,
SECL.NS,SECL,Salasar Exteriors and Contour Limited,india,NSE,,
SEIL.NS,SEIL,Shanti Educational Initiatives Limited,india,NSE,,
SEL.NS,SEL,Sungarner Energies Limited,india,NSE,,
SERVICE.NS,SERVICE,Service Care Limited,india,NSE,,
SHAIVAL.NS,SHAIVAL,Shaival Reality Limited,india,NSE,,
SHANTHALA.NS,SHANTHALA,Shanthala FMCG Products Limited,india,NSE,,
SHBAJRG.NS,SHBAJRG,Shri Bajrang Alliance Limited,india,NSE,,
SHEETAL.NS,SHEETAL,Sheetal Universal Limited,india,NSE,,
SHERA.NS,SHERA,Shera Energy Limited,india,NSE,,
SHIGAN.NS,SHIGAN,Shigan Quantum Technologies Limited,india,NSE,,
SHINDL.NS,SHINDL,Sharat Industries Limited,india,NSE,,
SHREEKARNI.NS,SHREEKARNI,Shree Karni Fabcom Limited,india,NSE,,
SHREEOSFM.NS,SHREEOSFM,Shree OSFM E-Mobility Limited,india,NSE,,
SHRIKRISH.NS,SHRIKRISH,Shri Krishna Devcon Limited,india,NSE,,
SHRITECH.NS,SHRITECH,Shri Techtex Limited,india,NSE,,
SHUBHLAXMI.NS,SHUBHLAXMI,Shubhlaxmi Jewel Art Limited,india,NSE,,
SIDDHIKA.NS,SIDDHIKA,Siddhika Coatings Limited,india,NSE,,
SIGNORIA.NS,SIGNORIA,Signoria Creation Limited,india,NSE,,
SIKA.NS,SIKA,Sika Interplant Systems Limited,india,NSE,,
SILKFLEX.NS,SILKFLEX,Silkflex Polymers (India) Limited,india,NSE,,
SINGERIND.NS,SINGERIND,Singer India Limited,india,NSE,,
SJLOGISTIC.NS,SJLOGISTIC,S J Logistics (India) Limited,india,NSE,,
SKP.NS,SKP,SKP Bearing Industries Limited,india,NSE,,
SLONE.NS,SLONE,Slone Infosystems Limited,india,NSE,,
SMVD.NS,SMVD,SMVD Poly Pack Limited,india,NSE,,
SONAMAC.NS,SONAMAC,Sona Machinery Limited,india,NSE,,
SONUINFRA.NS,SONUINFRA,Sonu Infratech Limited,india,NSE,,
SOTAC.NS,SOTAC,Sotac Pharmaceuticals Limited,india,NSE,,
SPCL.NS,SPCL,Shivalic Power Control Limited,india,NSE,,
SPECTSTM.NS,SPECTSTM,Spectrum Talent Management Limited,india,NSE,,
SPRL.NS,SPRL,SP Refractories Limited,india,NSE,,
SRIVASAVI.NS,SRIVASAVI,Srivasavi Adhesive Tapes Limited,india,NSE,,
SSFL.NS,SSFL,Srivari Spices and Foods Limited,india,NSE,,
SUNREST.NS,SUNREST,Sunrest Lifescience Limited,india,NSE,,
SUPREMEPWR.NS,SUPREMEPWR,Supreme Power Equipment Limited,india,NSE,,
SURANI.NS,SURANI,Surani Steel Tubes Limited,india,NSE,,
SURYALA.NS,SURYALA,Suryalata Spinning Mills Limited,india,NSE,,
SUULD.NS,SUULD,Suumaya Industries Limited,india,NSE,,
SWARAJ.NS,SWARAJ,Swaraj Suiting Limited,india,NSE,,
SWASTIK.NS,SWASTIK,Swastik Pipe Limited,india,NSE,,
SYLVANPLY.NS,SYLVANPLY,Sylvan Plyboard (India) Limited,india,NSE,,
SYNOPTICS.NS,SYNOPTICS,Synoptics Technologies Limited,india,NSE,,
SYSTANGO.NS,SYSTANGO,Systango Technologies Limited,india,NSE,,
TAALTECH.NS,TAALTECH,Taal Tech Limited,india,NSE,,
TAC.NS,TAC,TAC Infosec Limited,india,NSE,,
TAMBOLIIN.NS,TAMBOLIIN,Tamboli Industries Limited,india,NSE,,
TAPIFRUIT.NS,TAPIFRUIT,Tapi Fruit Processing Limited,india,NSE,,
TBI.NS,TBI,TBI Corn Limited,india,NSE,,
TCC.NS,TCC,TCC Concept Limited,india,NSE,,
TCL.NS,TCL,Thaai Casting Limited,india,NSE,,
TECHIN.NS,TECHIN,Techindia Nirman Limited,india,NSE,,
TECHLABS.NS,TECHLABS,Trident Techlabs Limited,india,NSE,,
TECHNVISN.NS,TECHNVISN,TechNVision Ventures Limited,india,NSE,,
TGL.NS,TGL,Teerth Gopicon Limited,india,NSE,,
THACKER.NS,THACKER,Thacker and Company Limited,india,NSE,,
TIMESCAN.NS,TIMESCAN,Timescan Logistics (India) Limited,india,NSE,,
TIRUPATI.NS,TIRUPATI,Shree Tirupati Balajee FIBC Limited,india,NSE,,
TRANSTEEL.NS,TRANSTEEL,Transteel Seating Technologies Limited,india,NSE,,
TRANSWIND.NS,TRANSWIND,Transwind Infrastructures Limited,india,NSE,,
TRIDHYA.NS,TRIDHYA,Tridhya Tech Limited,india,NSE,,
TRUST.NS,TRUST,Trust Fintech Limited,india,NSE,,
TUNWAL.NS,TUNWAL,Tunwal E-Motors Limited,india,NSE,,
UCL.NS,UCL,Ushanti Colour Chem Limited,india,NSE,,
UMA.NS,UMA,Uma Converter Limited,india,NSE,,
UNIHEALTH.NS,UNIHEALTH,Unihealth Hospitals Limited,india,NSE,,
URBAN.NS,URBAN,Urban Enviro Waste Management Limited,india,NSE,,
USASEEDS.NS,USASEEDS,Upsurge Seeds Of Agriculture Limited,india,NSE,,
UWCSL.NS,UWCSL,Ultra Wiring Connectivity System Limited,india,NSE,,
VEEKAYEM.NS,VEEKAYEM,Veekayem Fashion and Apparels Limited,india,NSE,,
VELJAN.NS,VELJAN,Veljan Denison Limited,india,NSE,,
VELS.NS,VELS,VELS Film International Limited,india,NSE,,
VERA.NS,VERA,Vera Synthetic Limited,india,NSE,,
VERITAAS.NS,VERITAAS,Veritaas Advertising Limited,india,NSE,,
VERTEXPLUS.NS,VERTEXPLUS,Vertexplus Technologies Limited,india,NSE,,
VIAZ.NS,VIAZ,Viaz Tyres Limited,india,NSE,,
VILAS.NS,VILAS,Vilas Transcore Limited,india,NSE,,
VILINBIO.NS,VILINBIO,Vilin Bio Med Limited,india,NSE,,
VINSYS.NS,VINSYS,Vinsys IT Services India Limited,india,NSE,,
VINYAS.NS,VINYAS,Vinyas Innovative Technologies Limited,india,NSE,,
VISAMAN.NS,VISAMAN,Visaman Global Sales Limited,india,NSE,,
VISHNUINFR.NS,VISHNUINFR,Vishnusurya Projects and Infra Limited,india,NSE,,
VISHWAS.NS,VISHWAS,Vishwas Agri Seeds Limited,india,NSE,,
VIVO.NS,VIVO,Vivo Collaboration Solutions Limited,india,NSE,,
VMARCIND.NS,VMARCIND,V-MARC India Limited,india,NSE,,
VR.NS,VR,V R Infraspace Limited,india,NSE,,
VSCL.NS,VSCL,Vadivarhe Speciality Chemicals Limited,india,NSE,,
WALPAR.NS,WALPAR,Walpar Nutritions Limited,india,NSE,,
WELSPLSOL.NS,WELSPLSOL,Welspun Specialty Solutions Limited,india,NSE,,
WINSOL.NS,WINSOL,Winsol Engineers Limited,india,NSE,,
WOMANCART.NS,WOMANCART,Womancart Limited,india,NSE,,
WPIL.NS,WPIL,WPIL Limited,india,NSE,,
WTICAB.NS,WTICAB,Wise Travel India Limited,india,NSE,,
YASHOPTICS.NS,YASHOPTICS,Yash Optics & Lens Limited,india,NSE,,
YCCL.NS,YCCL,Yasons Chemex Care Limited,india,NSE,,
YUDIZ.NS,YUDIZ,Yudiz Solutions Limited,india,NSE,,
ZEAL.NS,ZEAL,Zeal Global Services Limited,india,NSE,,
ZENITHDRUG.NS,ZENITHDRUG,Zenith Drugs Limited,india,NSE,,
ZODIAC.NS,ZODIAC,Zodiac Energy Limited,india,NSE,,
ZSARACOM.NS,ZSARACOM,Saraswati Commercial India Limited,india,NSE,,
ZTECH.NS,ZTECH,Z-Tech (India) Limited,india,NSE,,
786.KA,786,786 Investment Limited,psx,PSX,,
AKDHL.KA,AKDHL,AKD Hospitality Limited,psx,PSX,,
AKGL.KA,AKGL,Al-Khair Gadoon Limited,psx,PSX,,
ARCTM.KA,ARCTM,Arctic Textile Mills Limited,psx,PSX,,
ARPAK.KA,ARPAK,Arpak International Investments Ltd.,psx,PSX,,
ASIC.KA,ASIC,Asia Insurance Company Limited,psx,PSX,,
BELA.KA,BELA,Bela Automotives Ltd.,psx,PSX,,
DIIL.KA,DIIL,Diamond Industries Limited,psx,PSX,,
ECOP.KA,ECOP,Ecopack Limited,psx,PSX,,
FIL.KA,FIL,Fateh Industries Ltd,psx,PSX,,
GAMON.KA,GAMON,Gammon Pakistan Limited,psx,PSX,,
GCIL.KA,GCIL,Ghani Chemical Industries Limited,psx,PSX,,
GOC.KA,GOC,GOC (Pak) Limited.,psx,PSX,,
IGIHL.KA,IGIHL,IGI Holdings Limited,psx,PSX,,
KHYT.KA,KHYT,Khyber Textile Mills Limited,psx,PSX,,
LSECL.KA,LSECL,LSE Capital Limited,psx,PSX,,
LSEFSL.KA,LSEFSL,LSE Financial Services Ltd.,psx,PSX,,
MWMP.KA,MWMP,Mandviwalla Mauser Plastic Industries Limited,psx,PSX,,
NATM.KA,NATM,Nadeem Textile Mills Limited,psx,PSX,,
NCML.KA,NCML,Nazir Cotton Mills Limited,psx,PSX,,
OBOY.KA,OBOY,Oilboy Energy Limited,psx,PSX,,
OML.KA,OML,Olympia Mills Limited,psx,PSX,,
PABC.KA,PABC,Pakistan Aluminium Beverage Cans Limited,psx,PSX,,
PHDL.KA,PHDL,Pakistan Hotels Developers Limited,psx,PSX,,
PIAHCLB.KA,PIAHCLB,PIA Holding Company Limited,psx,PSX,,
PIM.KA,PIM,Popular Islamic Modaraba,psx,PSX,,
PSEL.KA,PSEL,Pakistan Services Limited,psx,PSX,,
SASML.KA,SASML,Sindh Abadgar's Sugar Mills Limited,psx,PSX,,
SHCM.KA,SHCM,Shadman Cotton Mills Limited,psx,PSX,,
SHFA.KA,SHFA,Shifa International Hospitals Limited,psx,PSX,,
SSOM.KA,SSOM,S.S. Oil Mills Limited,psx,PSX,,
STPL.KA,STPL,Siddiqsons Tin Plate Limited,psx,PSX,,
SUHJ.KA,SUHJ,Suhail Jute Mills Limited,psx,PSX,,
TRIPF.KA,TRIPF,Tri-Pack Films Limited,psx,PSX,,
UBDL.KA,UBDL,United Brands Limited,psx,PSX,,
UDLI.KA,UDLI,UDL International Limited,psx,PSX,,
UDPL.KA,UDPL,United Distributors Pakistan Limited,psx,PSX,,
WAVESAPP.KA,WAVESAPP,Waves Home Appliances Limited,psx,PSX,,
YOUW.KA,YOUW,Yousaf Weaving Mills Limited,psx,PSX,,
ABXL,ABXL,"Abacus Global Management, Inc.",us,NYSE,,
ADACU,ADACU,American Drive Acquisition Co,us,NASDAQ,,
ADAMG,ADAMG,"ADAMAS TRUST, INC.",us,NASDAQ,,
ADAMH,ADAMH,"ADAMAS TRUST, INC.",us,NASDAQ,,
ADAMI,ADAMI,"ADAMAS TRUST, INC.",us,NASDAQ,,
ADAMO,ADAMO,"ADAMAS TRUST, INC.",us,NASDAQ,,
AEFC,AEFC,AEGON LTD.,us,NYSE,,
AFGB,AFGB,AMERICAN FINANCIAL GROUP INC,us,NYSE,,
AFGC,AFGC,AMERICAN FINANCIAL GROUP INC,us,NYSE,,
AFGD,AFGD,AMERICAN FINANCIAL GROUP INC,us,NYSE,,
AFGE,AFGE,AMERICAN FINANCIAL GROUP INC,us,NYSE,,
AGQ,AGQ,ProShares Trust II,us,NYSE,,
AIZN,AIZN,"ASSURANT, INC.",us,NYSE,,
AMJB,AMJB,JPMORGAN CHASE & CO,us,NYSE,,
AMUB,AMUB,UBS AG,us,NYSE,,
AOMD,AOMD,"Angel Oak Mortgage REIT, Inc.",us,NYSE,,
AOMN,AOMN,"Angel Oak Mortgage REIT, Inc.",us,NYSE,,
APOS,APOS,"Apollo Global Management, Inc.",us,NYSE,,
AQNB,AQNB,ALGONQUIN POWER & UTILITIES CORP.,us,NYSE,,
ARTC,ARTC,Art Technology Acquisition Corp.,us,NASDAQ,,
ASBA,ASBA,ASSOCIATED BANC-CORP,us,NYSE,,
ATHS,ATHS,Athene Holding Ltd.,us,NYSE,,
ATLCL,ATLCL,Atlanticus Holdings Corp,us,NASDAQ,,
ATLCZ,ATLCZ,Atlanticus Holdings Corp,us,NASDAQ,,
BAR,BAR,GraniteShares Gold Trust,us,NYSE,,
BAVA,BAVA,Bitwise Avalanche ETF,us,NYSE,,
BBCQW,BBCQW,Bleichroeder Acquisition Corp. II,us,NASDAQ,,
BCV-PA,BCV-PA,BANCROFT FUND LTD,us,NYSE,,
BDCX,BDCX,UBS AG,us,NYSE,,
BDCZ,BDCZ,UBS AG,us,NYSE,,
BDRY,BDRY,Amplify Commodity Trust,us,NYSE,,
BEPH,BEPH,Brookfield Renewable Partners L.P.,us,NYSE,,
BEPI,BEPI,Brookfield Renewable Partners L.P.,us,NYSE,,
BEPJ,BEPJ,Brookfield Renewable Partners L.P.,us,NYSE,,
BERZ,BERZ,BANK OF MONTREAL /CAN/,us,NYSE,,
BHFAL,BHFAL,"Brighthouse Financial, Inc.",us,NASDAQ,,
BIPH,BIPH,Brookfield Infrastructure Partners L.P.,us,NYSE,,
BIPI,BIPI,Brookfield Infrastructure Partners L.P.,us,NYSE,,
BIPJ,BIPJ,Brookfield Infrastructure Partners L.P.,us,NYSE,,
BITB,BITB,Bitwise Bitcoin ETF,us,NYSE,,
BITW,BITW,Bitwise 10 Crypto Index ETF,us,NYSE,,
BIXIW,BIXIW,Bitcoin Infrastructure Acquisition Corp Ltd,us,NASDAQ,,
BNH,BNH,BROOKFIELD Corp /ON/,us,NYSE,,
BNJ,BNJ,BROOKFIELD Corp /ON/,us,NYSE,,
BNKD,BNKD,BANK OF MONTREAL /CAN/,us,NYSE,,
BNKU,BNKU,BANK OF MONTREAL /CAN/,us,NYSE,,
BNO,BNO,"United States Brent Oil Fund, LP",us,NYSE,,
BOIL,BOIL,ProShares Trust II,us,NYSE,,
BRRR,BRRR,CoinShares Bitcoin ETF,us,NASDAQ,,
BSOL,BSOL,Bitwise Solana Staking ETF,us,NYSE,,
BTC,BTC,Grayscale Bitcoin Mini Trust ETF,us,NYSE,,
BULZ,BULZ,BANK OF MONTREAL /CAN/,us,NYSE,,
BWET,BWET,Amplify Commodity Trust,us,NYSE,,
BWNB,BWNB,"Babcock & Wilcox Enterprises, Inc.",us,NYSE,,
BWOW,BWOW,Bitwise Dogecoin ETF,us,NYSE,,
CANE,CANE,Teucrium Commodity Trust,us,NYSE,,
CAPNU,CAPNU,Cayson Acquisition Corp,us,NASDAQ,,
CARD,CARD,BANK OF MONTREAL /CAN/,us,NYSE,,
CARU,CARU,BANK OF MONTREAL /CAN/,us,NYSE,,
CCAQU,CCAQU,COLLECTIVE ACQUISITION CORP.,us,NASDAQ,,
CCRN,CCRN,CROSS COUNTRY HEALTHCARE INC,us,NASDAQ,,
CCZ,CCZ,COMCAST CORP,us,NYSE,,
CEFD,CEFD,UBS AG,us,NYSE,,
CGABL,CGABL,Carlyle Group Inc.,us,NASDAQ,,
CHARU,CHARU,Charlton Aria Acquisition Corp,us,NASDAQ,,
CHPGU,CHPGU,ChampionsGate Acquisition Corp,us,NASDAQ,,
CICB,CICB,CION Investment Corp,us,NYSE,,
CICC,CICC,CION Investment Corp,us,NYSE,,
CIMN,CIMN,CHIMERA INVESTMENT CORP,us,NYSE,,
CIMO,CIMO,CHIMERA INVESTMENT CORP,us,NYSE,,
CIMP,CIMP,CHIMERA INVESTMENT CORP,us,NYSE,,
CITR,CITR,CitroTech Inc.,us,NYSE,,
CLNK,CLNK,Bitwise Chainlink ETF,us,NYSE,,
CMIIU,CMIIU,Columbus Circle Capital Corp II,us,NASDAQ,,
CMSA,CMSA,CMS ENERGY CORP,us,NYSE,,
CMSC,CMSC,CMS ENERGY CORP,us,NYSE,,
CMSD,CMSD,CMS ENERGY CORP,us,NYSE,,
CORN,CORN,Teucrium Commodity Trust,us,NYSE,,
CPER,CPER,United States Commodity Index Funds Trust,us,NYSE,,
CRBD,CRBD,"Corebridge Financial, Inc.",us,NYSE,,
CTWO,CTWO,COTWO ADVISORS PHYSICAL EUROPEAN CARBON ALLOWANCE TRUST,us,NYSE,,
CUBB,CUBB,"Customers Bancorp, Inc.",us,NYSE,,
DBA,DBA,INVESCO DB AGRICULTURE FUND,us,NYSE,,
DBB,DBB,INVESCO DB BASE METALS FUND,us,NYSE,,
DBC,DBC,Invesco DB Commodity Index Tracking Fund,us,NYSE,,
DBE,DBE,Invesco DB Energy Fund,us,NYSE,,
DBO,DBO,Invesco DB Oil Fund,us,NYSE,,
DBP,DBP,Invesco DB Precious Metals Fund,us,NYSE,,
DCBG,DCBG,"Dime Commercial Bancshares, Inc. /NY/",us,NYSE,,
DEFI,DEFI,Hashdex Commodities Trust,us,NYSE,,
DGP,DGP,DEUTSCHE BANK AKTIENGESELLSCHAFT,us,NYSE,,
DGZ,DGZ,DEUTSCHE BANK AKTIENGESELLSCHAFT,us,NYSE,,
DHCNI,DHCNI,DIVERSIFIED HEALTHCARE TRUST,us,NASDAQ,,
DJP,DJP,BARCLAYS BANK PLC,us,NYSE,,
DPU,DPU,Top KingWin Ltd,us,NASDAQ,,
DTB,DTB,DTE ENERGY CO,us,NYSE,,
DTG,DTG,DTE ENERGY CO,us,NYSE,,
DTK,DTK,DTE ENERGY CO,us,NYSE,,
DTW,DTW,DTE ENERGY CO,us,NYSE,,
DUKB,DUKB,Duke Energy CORP,us,NYSE,,
DULL,DULL,BANK OF MONTREAL /CAN/,us,NYSE,,
DZZ,DZZ,DEUTSCHE BANK AKTIENGESELLSCHAFT,us,NYSE,,
EAI,EAI,"ENTERGY ARKANSAS, LLC",us,NYSE,,
ECCU,ECCU,Eagle Point Credit Co,us,NYSE,,
ECCV,ECCV,Eagle Point Credit Co,us,NYSE,,
ECF-PA,ECF-PA,ELLSWORTH GROWTH & INCOME FUND LTD,us,NYSE,,
EFTY,EFTY,"ETOILES CAPITAL GROUP CO., LTD",us,NASDAQ,,
ELC,ELC,"ENTERGY LOUISIANA, LLC",us,NYSE,,
ELLA,ELLA,Ellington Credit Co,us,NYSE,,
EMP,EMP,"ENTERGY MISSISSIPPI, LLC",us,NYSE,,
EMPG,EMPG,Empro Group Inc.,us,NASDAQ,,
ENJ,ENJ,"ENTERGY NEW ORLEANS, LLC",us,NYSE,,
ENO,ENO,"ENTERGY NEW ORLEANS, LLC",us,NYSE,,
ETH,ETH,Grayscale Ethereum Staking Mini ETF,us,NYSE,,
ETHA,ETHA,iShares Ethereum Trust ETF,us,NASDAQ,,
ETHB,ETHB,iShares Staked Ethereum Trust ETF,us,NASDAQ,,
ETHE,ETHE,Grayscale Ethereum Staking ETF,us,NYSE,,
ETHW,ETHW,Bitwise Ethereum ETF,us,NYSE,,
EUO,EUO,ProShares Trust II,us,NYSE,,
FACTU,FACTU,FACT II Acquisition Corp.,us,NASDAQ,,
FGDL,FGDL,Franklin Templeton Holdings Trust,us,NYSE,,
FGN,FGN,"F&G Annuities & Life, Inc.",us,NYSE,,
FGSN,FGSN,"F&G Annuities & Life, Inc.",us,NYSE,,
FLYD,FLYD,BANK OF MONTREAL /CAN/,us,NYSE,,
FLYU,FLYU,BANK OF MONTREAL /CAN/,us,NYSE,,
FNGD,FNGD,BANK OF MONTREAL /CAN/,us,NYSE,,
FNGO,FNGO,BANK OF MONTREAL /CAN/,us,NYSE,,
FNGS,FNGS,BANK OF MONTREAL /CAN/,us,NYSE,,
FNGU,FNGU,BANK OF MONTREAL /CAN/,us,NYSE,,
FSOL,FSOL,Fidelity Solana Fund,us,NYSE,,
FSSL,FSSL,FS Specialty Lending Fund,us,NYSE,,
FVNNR,FVNNR,Future Vision II Acquisition Corp.,us,NASDAQ,,
FXA,FXA,Invesco CurrencyShares Australian Dollar Trust,us,NYSE,,
FXB,FXB,Invesco CurrencyShares British Pound Sterling Trust,us,NYSE,,
FXC,FXC,Invesco CurrencyShares Canadian Dollar Trust,us,NYSE,,
FXE,FXE,Invesco CurrencyShares Euro Trust,us,NYSE,,
FXF,FXF,Invesco CurrencyShares Swiss Franc Trust,us,NYSE,,
FXY,FXY,Invesco CurrencyShares Japanese Yen Trust,us,NYSE,,
GAING,GAING,GLADSTONE INVESTMENT CORPORATION\DE,us,NASDAQ,,
GAINI,GAINI,GLADSTONE INVESTMENT CORPORATION\DE,us,NASDAQ,,
GAINZ,GAINZ,GLADSTONE INVESTMENT CORPORATION\DE,us,NASDAQ,,
GAVA,GAVA,Grayscale Avalanche Staking ETF,us,NASDAQ,,
GBTC,GBTC,Grayscale Bitcoin Trust ETF,us,NYSE,,
GBUG,GBUG,BARCLAYS BANK PLC,us,NASDAQ,,
GDLC,GDLC,Grayscale CoinDesk Crypto 5 ETF,us,NYSE,,
GDOG,GDOG,Grayscale Dogecoin Trust ETF,us,NYSE,,
GDXD,GDXD,BANK OF MONTREAL /CAN/,us,NYSE,,
GDXU,GDXU,BANK OF MONTREAL /CAN/,us,NYSE,,
GECCG,GECCG,Great Elm Capital Corp.,us,NASDAQ,,
GECCH,GECCH,Great Elm Capital Corp.,us,NASDAQ,,
GECCI,GECCI,Great Elm Capital Corp.,us,NASDAQ,,
GEGGL,GEGGL,"Great Elm Group, Inc.",us,NASDAQ,,
GENVR,GENVR,Gen Digital Inc.,us,NASDAQ,,
GGN-PB,GGN-PB,"GAMCO Global Gold, Natural Resources & Income Trust",us,NYSE,,
GJH,GJH,STRATS SM TRUST FOR U S CELL CORP SEC SERIES 2004 6,us,NYSE,,
GJO,GJO,"STRATS SM TRUST FOR WAL-MART STORES, INC. SECURITIES, SERIES 2005-4",us,NYSE,,
GJP,GJP,"STRATS(SM) TRUST FOR DOMINION RESOURCES, INC. SECURITIES, SERIES 2005-6",us,NYSE,,
GJR,GJR,"STRATS(SM) Trust for Procter & Gamble Securities, Series 2006-1",us,NYSE,,
GJS,GJS,"STRATS(SM) Trust for Goldman Sachs Group Securities, Series 2006-2",us,NYSE,,
GJT,GJT,"STRATS(SM) Trust for Allstate Corp Securities, Series 2006-3",us,NYSE,,
GLDI,GLDI,CREDIT SUISSE AG,us,NASDAQ,,
GLDM,GLDM,World Gold Trust,us,NYSE,,
GLL,GLL,ProShares Trust II,us,NYSE,,
GLNK,GLNK,Grayscale Chainlink Trust ETF,us,NYSE,,
GLTR,GLTR,abrdn Precious Metals Basket ETF Trust,us,NYSE,,
GLU-PB,GLU-PB,GABELLI GLOBAL UTILITY & INCOME TRUST,us,NYSE,,
GPJA,GPJA,GEORGIA POWER CO,us,NYSE,,
GPUS-PD,GPUS-PD,"Hyperscale Data, Inc.",us,NYSE,,
GRAF,GRAF,Graf Global Corp.,us,NYSE,,
GREEL,GREEL,Vulcan Infrastructure & Power Inc.,us,NASDAQ,,
GRN,GRN,BARCLAYS BANK PLC,us,NYSE,,
GSG,GSG,iShares S&P GSCI Commodity-Indexed Trust,us,NYSE,,
GSHRU,GSHRU,Gesher Acquisition Corp. II,us,NASDAQ,,
GSOL,GSOL,Grayscale Solana Staking ETF,us,NYSE,,
GSRFR,GSRFR,GSR IV Acquisition Corp.,us,NASDAQ,,
GSUI,GSUI,Grayscale Sui Staking ETF,us,NYSE,,
GXRP,GXRP,Grayscale XRP Trust ETF,us,NYSE,,
HCHL,HCHL,Happy City Holdings Ltd,us,NASDAQ,,
HCXY,HCXY,"Hercules Capital, Inc.",us,NYSE,,
HDLB,HDLB,UBS AG,us,NYSE,,
HQWWW,HQWWW,Horizon Quantum Holdings Ltd.,us,NASDAQ,,
HTFC,HTFC,Horizon Technology Finance Corp,us,NYSE,,
HWCPZ,HWCPZ,HANCOCK WHITNEY CORP,us,NASDAQ,,
IAU,IAU,ISHARES GOLD TRUST,us,NYSE,,
IAUM,IAUM,iShares Gold Trust Micro,us,NYSE,,
IBIT,IBIT,iShares Bitcoin Trust ETF,us,NASDAQ,,
IFED,IFED,UBS AG,us,NYSE,,
IGACR,IGACR,Invest Green Acquisition Corp,us,NASDAQ,,
INBKZ,INBKZ,First Internet Bancorp,us,NASDAQ,,
IPB,IPB,MERRILL LYNCH DEPOSITOR INC INDEXPLUS TRUST SERIES 2003-1,us,NYSE,,
IWDL,IWDL,UBS AG,us,NYSE,,
IWFL,IWFL,UBS AG,us,NYSE,,
IWML,IWML,UBS AG,us,NYSE,,
JBK,JBK,LEHMAN ABS CORP GOLDMAN SACHS CAP 1 SEC BACKED SER 2004-6,us,NYSE,,
JETD,JETD,BANK OF MONTREAL /CAN/,us,NYSE,,
JETU,JETU,BANK OF MONTREAL /CAN/,us,NYSE,,
JSM,JSM,NAVIENT CORP,us,NASDAQ,,
KKRS,KKRS,KKR & Co. Inc.,us,NYSE,,
KKRT,KKRT,KKR & Co. Inc.,us,NYSE,,
KMPB,KMPB,KEMPER Corp,us,NYSE,,
KOLD,KOLD,ProShares Trust II,us,NYSE,,
KTN,KTN,STRUCTURED PRODUCTS CORP CRED ENHANCE CORTS TR FOR AON CAP A,us,NYSE,,
LAFAR,LAFAR,LaFayette Acquisition Corp.,us,NASDAQ,,
LAWR,LAWR,"Robot Consulting Co., Ltd.",us,NASDAQ,,
LEGO-UN,LEGO-UN,Legato Merger Corp. IV,us,NYSE,,
LKSPU,LKSPU,Lake Superior Acquisition Corp,us,NASDAQ,,
MAGH,MAGH,Magnitude International Ltd,us,NASDAQ,,
MAMK,MAMK,MaxsMaking Inc.,us,NASDAQ,,
MCTA,MCTA,Charming Medical Ltd,us,NASDAQ,,
MDY,MDY,SPDR S&P MIDCAP 400 ETF TRUST,us,NYSE,,
METCI,METCI,"Ramaco Resources, Inc.",us,NASDAQ,,
METCZ,METCZ,"Ramaco Resources, Inc.",us,NASDAQ,,
MFAN,MFAN,"MFA FINANCIAL, INC.",us,NYSE,,
MFAO,MFAO,"MFA FINANCIAL, INC.",us,NYSE,,
MGR,MGR,"AFFILIATED MANAGERS GROUP, INC.",us,NYSE,,
MGRB,MGRB,"AFFILIATED MANAGERS GROUP, INC.",us,NYSE,,
MGRD,MGRD,"AFFILIATED MANAGERS GROUP, INC.",us,NYSE,,
MGRE,MGRE,"AFFILIATED MANAGERS GROUP, INC.",us,NYSE,,
MHLA,MHLA,"Maiden Holdings, Ltd.",us,NYSE,,
MHNC,MHNC,"Maiden Holdings, Ltd.",us,NYSE,,
MITN,MITN,"TPG Mortgage Investment Trust, Inc.",us,NYSE,,
MITP,MITP,"TPG Mortgage Investment Trust, Inc.",us,NYSE,,
MLAA,MLAA,Mountain Lake Acquisition Corp. II,us,NASDAQ,,
MLCIL,MLCIL,Mount Logan Capital Inc.,us,NASDAQ,,
MLPB,MLPB,UBS AG,us,NYSE,,
MLPR,MLPR,UBS AG,us,NYSE,,
MMTXU,MMTXU,Miluna Acquisition Corp,us,NASDAQ,,
MSBT,MSBT,Morgan Stanley Bitcoin Trust,us,NYSE,,
MTUL,MTUL,UBS AG,us,NYSE,,
MVRL,MVRL,UBS AG,us,NYSE,,
NCIQ,NCIQ,Hashdex Nasdaq CME Crypto Index ETF,us,NASDAQ,,
NCL,NCL,Northann Corp.,us,NYSE,,
NEWTG,NEWTG,"NewtekOne, Inc.",us,NASDAQ,,
NEWTH,NEWTH,"NewtekOne, Inc.",us,NASDAQ,,
NEWTI,NEWTI,"NewtekOne, Inc.",us,NASDAQ,,
NEWTO,NEWTO,"NewtekOne, Inc.",us,NASDAQ,,
NMFCZ,NMFCZ,New Mountain Finance Corp,us,NASDAQ,,
NRGD,NRGD,BANK OF MONTREAL /CAN/,us,NYSE,,
NRGU,NRGU,BANK OF MONTREAL /CAN/,us,NYSE,,
NRUC,NRUC,NATIONAL RURAL UTILITIES COOPERATIVE FINANCE CORP /DC/,us,NYSE,,
NSLRL,NSLRL,Neostellar Capital Corp.,us,NASDAQ,,
NTWOU,NTWOU,Newbury Street II Acquisition Corp,us,NASDAQ,,
NUTR,NUTR,NUSATRIP Inc,us,NASDAQ,,
OBTC,OBTC,Osprey Bitcoin Trust,us,NASDAQ,,
OFSSH,OFSSH,OFS Capital Corp,us,NASDAQ,,
OFSSO,OFSSO,OFS Capital Corp,us,NASDAQ,,
OILD,OILD,BANK OF MONTREAL /CAN/,us,NYSE,,
OILU,OILU,BANK OF MONTREAL /CAN/,us,NYSE,,
OPP-PC,OPP-PC,"RiverNorth/DoubleLine Strategic Opportunity Fund, Inc.",us,NYSE,,
ORIQU,ORIQU,Origin Investment Corp I,us,NASDAQ,,
OST,OST,"Ostin Technology Group Co., Ltd.",us,NASDAQ,,
OUNZ,OUNZ,VanEck Merk Gold ETF,us,NYSE,,
OXLCG,OXLCG,Oxford Lane Capital Corp.,us,NASDAQ,,
OXLCI,OXLCI,Oxford Lane Capital Corp.,us,NASDAQ,,
OXLCL,OXLCL,Oxford Lane Capital Corp.,us,NASDAQ,,
OXLCZ,OXLCZ,Oxford Lane Capital Corp.,us,NASDAQ,,
OXSQG,OXSQG,Oxford Square Capital Corp.,us,NASDAQ,,
OXSQH,OXSQH,Oxford Square Capital Corp.,us,NASDAQ,,
OYSER,OYSER,Oyster Enterprises II Acquisition Corp,us,NASDAQ,,
PALL,PALL,abrdn Palladium ETF Trust,us,NYSE,,
PBI-PB,PBI-PB,PITNEY BOWES INC /DE/,us,NYSE,,
PC,PC,Premium Catering (Holdings) Ltd,us,NASDAQ,,
PCG-PA,PCG-PA,PG&E Corp,us,NYSE,,
PCG-PB,PCG-PB,PG&E Corp,us,NYSE,,
PCG-PD,PCG-PD,PG&E Corp,us,NYSE,,
PCG-PE,PCG-PE,PG&E Corp,us,NYSE,,
PCG-PG,PCG-PG,PG&E Corp,us,NYSE,,
PCG-PH,PCG-PH,PG&E Corp,us,NYSE,,
PCTTU,PCTTU,"PureCycle Technologies, Inc.",us,NASDAQ,,
PFFL,PFFL,UBS AG,us,NYSE,,
PFH,PFH,PRUDENTIAL FINANCIAL INC,us,NYSE,,
PFXNZ,PFXNZ,PhenixFIN Corp,us,NASDAQ,,
PHXE-P,PHXE-P,"Phoenix Energy One, LLC",us,NYSE,,
PLTM,PLTM,GraniteShares Platinum Trust,us,NYSE,,
PLTS,PLTS,Platinum Analytics Cayman Ltd,us,NASDAQ,,
PMTU,PMTU,PennyMac Mortgage Investment Trust,us,NYSE,,
PMTV,PMTV,PennyMac Mortgage Investment Trust,us,NYSE,,
PMTW,PMTW,PennyMac Mortgage Investment Trust,us,NYSE,,
PPLT,PPLT,abrdn Platinum ETF Trust,us,NYSE,,
PRH,PRH,PRUDENTIAL FINANCIAL INC,us,NYSE,,
PRHIZ,PRHIZ,"Presurance Holdings, Inc.",us,NASDAQ,,
PRS,PRS,PRUDENTIAL FINANCIAL INC,us,NYSE,,
PYT,PYT,PPLUS Trust Series GSC-2,us,NYSE,,
QMMM,QMMM,QMMM Holdings Ltd,us,NASDAQ,,
QSEAU,QSEAU,Quartzsea Acquisition Corp,us,NASDAQ,,
QULL,QULL,UBS AG,us,NYSE,,
RAC-UN,RAC-UN,Rithm Acquisition Corp.,us,NYSE,,
RCD,RCD,Ready Capital Corp,us,NYSE,,
RDACU,RDACU,Rising Dragon Acquisition Corp.,us,NASDAQ,,
RILYG,RILYG,"BRC Group Holdings, Inc.",us,NASDAQ,,
RILYN,RILYN,"BRC Group Holdings, Inc.",us,NASDAQ,,
RILYT,RILYT,"BRC Group Holdings, Inc.",us,NASDAQ,,
RILYZ,RILYZ,"BRC Group Holdings, Inc.",us,NASDAQ,,
RWAYI,RWAYI,Runway Growth Finance Corp.,us,NASDAQ,,
RWAYL,RWAYL,Runway Growth Finance Corp.,us,NASDAQ,,
RWTN,RWTN,REDWOOD TRUST INC,us,NYSE,,
RWTO,RWTO,REDWOOD TRUST INC,us,NYSE,,
RWTP,RWTP,REDWOOD TRUST INC,us,NYSE,,
RWTQ,RWTQ,REDWOOD TRUST INC,us,NYSE,,
RZC,RZC,REINSURANCE GROUP OF AMERICA INC,us,NYSE,,
SACH-PA,SACH-PA,Sachem Capital Corp.,us,NYSE,,
SAJ,SAJ,SARATOGA INVESTMENT CORP.,us,NYSE,,
SAT,SAT,SARATOGA INVESTMENT CORP.,us,NYSE,,
SAV,SAV,SARATOGA INVESTMENT CORP.,us,NYSE,,
SAY,SAY,SARATOGA INVESTMENT CORP.,us,NYSE,,
SAZ,SAZ,SARATOGA INVESTMENT CORP.,us,NYSE,,
SBXD-UN,SBXD-UN,SilverBox Corp IV,us,NYSE,,
SCCD,SCCD,Sachem Capital Corp.,us,NYSE,,
SCCE,SCCE,Sachem Capital Corp.,us,NYSE,,
SCCF,SCCF,Sachem Capital Corp.,us,NYSE,,
SCCG,SCCG,Sachem Capital Corp.,us,NYSE,,
SCDL,SCDL,UBS AG,us,NYSE,,
SCO,SCO,ProShares Trust II,us,NYSE,,
SCOP,SCOP,Sprott Physical Copper Trust,us,NYSE,,
SFB,SFB,STIFEL FINANCIAL CORP,us,NYSE,,
SGOL,SGOL,abrdn Gold ETF Trust,us,NYSE,,
SHNY,SHNY,BANK OF MONTREAL /CAN/,us,NYSE,,
SIVR,SIVR,abrdn Silver ETF Trust,us,NYSE,,
SLVO,SLVO,CREDIT SUISSE AG,us,NASDAQ,,
SMHB,SMHB,UBS AG,us,NYSE,,
SOEZ,SOEZ,Franklin Solana Trust,us,NYSE,,
SOJC,SOJC,SOUTHERN CO,us,NYSE,,
SOJD,SOJD,SOUTHERN CO,us,NYSE,,
SOJE,SOJE,SOUTHERN CO,us,NYSE,,
SOJF,SOJF,SOUTHERN CO,us,NYSE,,
SOLC,SOLC,Canary Marinade Solana ETF,us,NASDAQ,,
SOYB,SOYB,Teucrium Commodity Trust,us,NYSE,,
SREA,SREA,SEMPRA,us,NYSE,,
SRJN,SRJN,SPIRE INC,us,NYSE,,
SUIS,SUIS,Canary Staked SUI ETF,us,NASDAQ,,
SWKHL,SWKHL,SWK Holdings Corp,us,NASDAQ,,
SWZ,SWZ,Total Return Securities Fund,us,NYSE,,
SZZLU,SZZLU,Sizzle Acquisition Corp. II,us,NASDAQ,,
TAGS,TAGS,Teucrium Commodity Trust,us,NYSE,,
TAVIU,TAVIU,Tavia Acquisition Corp.,us,NASDAQ,,
TCPA,TCPA,TRANSCANADA PIPELINES LTD,us,NYSE,,
TDOG,TDOG,21Shares Dogecoin ETF,us,NASDAQ,,
TMHC,TMHC,Taylor Morrison Home Corp,us,NYSE,,
TMUSI,TMUSI,"T-Mobile US, Inc.",us,NASDAQ,,
TMUSL,TMUSL,"T-Mobile US, Inc.",us,NASDAQ,,
TMUSZ,TMUSZ,"T-Mobile US, Inc.",us,NASDAQ,,
TPGXL,TPGXL,TPG Inc.,us,NASDAQ,,
TRINI,TRINI,Trinity Capital Inc.,us,NASDAQ,,
TRINZ,TRINZ,Trinity Capital Inc.,us,NASDAQ,,
TSUI,TSUI,21Shares Sui ETF,us,NASDAQ,,
TVC,TVC,Tennessee Valley Authority,us,NYSE,,
TVE,TVE,Tennessee Valley Authority,us,NYSE,,
TWOD,TWOD,TWO HARBORS INVESTMENT CORP.,us,NYSE,,
UAC-UN,UAC-UN,United Acquisition Corp. I,us,NYSE,,
UCFI,UCFI,CN Healthy Food Tech Group Corp.,us,NASDAQ,,
UCIB,UCIB,UBS AG,us,NYSE,,
UCO,UCO,ProShares Trust II,us,NYSE,,
UDN,UDN,INVESCO DB US DOLLAR INDEX BEARISH FUND,us,NYSE,,
UGA,UGA,"United States Gasoline Fund, LP",us,NYSE,,
UGL,UGL,ProShares Trust II,us,NYSE,,
ULE,ULE,ProShares Trust II,us,NYSE,,
UNG,UNG,"United States Natural Gas Fund, LP",us,NYSE,,
UNL,UNL,"United States 12 Month Natural Gas Fund, LP",us,NYSE,,
UNMA,UNMA,Unum Group,us,NYSE,,
USCI,USCI,United States Commodity Index Funds Trust,us,NYSE,,
USL,USL,"United States 12 Month Oil Fund, LP",us,NYSE,,
USML,USML,UBS AG,us,NYSE,,
USO,USO,"United States Oil Fund, LP",us,NYSE,,
USOI,USOI,CREDIT SUISSE AG,us,NASDAQ,,
UZD,UZD,"ARRAY DIGITAL INFRASTRUCTURE, INC.",us,NYSE,,
UZE,UZE,"ARRAY DIGITAL INFRASTRUCTURE, INC.",us,NYSE,,
UZF,UZF,"ARRAY DIGITAL INFRASTRUCTURE, INC.",us,NYSE,,
VAVX,VAVX,VanEck Avalanche ETF,us,NASDAQ,,
VSOL,VSOL,VanEck Solana ETF,us,NASDAQ,,
VYLD,VYLD,JPMORGAN CHASE & CO,us,NYSE,,
WEAT,WEAT,Teucrium Commodity Trust,us,NYSE,,
WHFCL,WHFCL,"WhiteHorse Finance, Inc.",us,NASDAQ,,
WPAC-UN,WPAC-UN,White Pearl Acquisition Corp.,us,NYSE,,
WTID,WTID,BANK OF MONTREAL /CAN/,us,NYSE,,
WTIU,WTIU,BANK OF MONTREAL /CAN/,us,NYSE,,
XELLL,XELLL,XCEL ENERGY INC,us,NASDAQ,,
XRP,XRP,Bitwise XRP ETF,us,NYSE,,
XRPZ,XRPZ,Franklin XRP Trust,us,NYSE,,
YCL,YCL,ProShares Trust II,us,NYSE,,
YCS,YCS,ProShares Trust II,us,NYSE,,
YOOV,YOOV,Concorde International Group Ltd.,us,NASDAQ,,
ZSL,ZSL,ProShares Trust II,us,NYSE,,
